Name,Slug,Collection ID,Locale ID,Item ID,Archived,Draft,Created On,Updated On,Published On,Post Summary,Main Image,Featured?,More images,Categories
Alien Weyland Xenomorph,alien-weyland-xenomorph,688e0e9d8c03f7dbc7886955,688e0e9d8c03f7dbc788694b,689f6f6eda7685ac2f2015b5,false,false,Fri Aug 15 2025 17:33:34 GMT+0000 (Coordinated Universal Time),Fri Aug 15 2025 17:35:11 GMT+0000 (Coordinated Universal Time),Fri Aug 15 2025 17:37:50 GMT+0000 (Coordinated Universal Time),Please support me and buy my products.,https://cdn.prod.website-files.com/688e0e9d8c03f7dbc7886953/689f6fb49d450bfcf360b9c0_beelinktom2000alien800.png,false,https://cdn.prod.website-files.com/688e0e9d8c03f7dbc7886953/689f6fbce1457e35d35ffca3_beelinktom2000alien.png,games; cinematic
Ant Wan,antwan,688e0e9d8c03f7dbc7886955,688e0e9d8c03f7dbc788694b,689cd16945e0041370bc077d,false,false,Wed Aug 13 2025 17:54:49 GMT+0000 (Coordinated Universal Time),Thu Aug 14 2025 12:38:14 GMT+0000 (Coordinated Universal Time),Thu Aug 14 2025 12:38:58 GMT+0000 (Coordinated Universal Time),Please support me and buy my products.,https://cdn.prod.website-files.com/688e0e9d8c03f7dbc7886953/689cd13a55b70d07e01c982b_689b900d7de94ac110c18a50_beelinktom2000antwan800.png,false,https://cdn.prod.website-files.com/688e0e9d8c03f7dbc7886953/689cd13b55b70d07e01c9830_689b8d60d08f53360c581c8f_beelinktom2000antwan.png,music; swedish
Avicii,avicii,688e0e9d8c03f7dbc7886955,688e0e9d8c03f7dbc788694b,689cd168f051c31a87d3bc16,true,false,Wed Aug 13 2025 17:54:48 GMT+0000 (Coordinated Universal Time),Mon Sep 22 2025 14:01:33 GMT+0000 (Coordinated Universal Time),,Please support me and buy my products.,https://cdn.prod.website-files.com/688e0e9d8c03f7dbc7886953/689cd13a447163773f17f47e_689b92dc5ef948ae0d7695f2_beelinktom2000avicii800.png,false,https://cdn.prod.website-files.com/688e0e9d8c03f7dbc7886953/689cd13b447163773f17f483_689b92ace517f0af37e89e82_beelinktom2000avicii.png,music; swedish; swedish; swedish
Axiom Verge Motif,axiom-verge-motif,688e0e9d8c03f7dbc7886955,688e0e9d8c03f7dbc788694b,689cd16883cb001318031c3e,false,false,Wed Aug 13 2025 17:54:48 GMT+0000 (Coordinated Universal Time),Thu Aug 14 2025 12:38:49 GMT+0000 (Coordinated Universal Time),Thu Aug 14 2025 12:38:58 GMT+0000 (Coordinated Universal Time),Please support me and buy my products.,https://cdn.prod.website-files.com/688e0e9d8c03f7dbc7886953/689cd13b5dfc753488ffac7f_689bb4615749c62ac98dbd98_beelinktom2000ax800.png,false,https://cdn.prod.website-files.com/688e0e9d8c03f7dbc7886953/689cd13b5dfc753488ffac85_689a2087af6ad19796e701d6_beelinktom2000ax%2520(1).png,games
Black Myth Wukong,black-myth-wukong,688e0e9d8c03f7dbc7886955,688e0e9d8c03f7dbc788694b,68adff5e501690e4496ebd93,false,false,Tue Aug 26 2025 18:39:26 GMT+0000 (Coordinated Universal Time),Tue Aug 26 2025 19:12:21 GMT+0000 (Coordinated Universal Time),Tue Aug 26 2025 19:25:05 GMT+0000 (Coordinated Universal Time),Please support me and buy my products.,https://cdn.prod.website-files.com/688e0e9d8c03f7dbc7886953/68ae070b50d56b78be849500_beelinktomgot800.png,false,https://cdn.prod.website-files.com/688e0e9d8c03f7dbc7886953/68ae0711f34f540251636acb_beelinktomwoologo2000.png,games; cinematic
Ghost of Tsushima,ghost-of-tsushima,688e0e9d8c03f7dbc7886955,688e0e9d8c03f7dbc788694b,68ae003124407990c6717c8e,false,false,Tue Aug 26 2025 18:42:57 GMT+0000 (Coordinated Universal Time),Tue Aug 26 2025 19:24:59 GMT+0000 (Coordinated Universal Time),Tue Aug 26 2025 19:25:05 GMT+0000 (Coordinated Universal Time),Please support me and buy my products.,https://cdn.prod.website-files.com/688e0e9d8c03f7dbc7886953/68ae09fbcc86406e6cf7351c_beelinktomgot2800.png,false,https://cdn.prod.website-files.com/688e0e9d8c03f7dbc7886953/68ae0a06fce432da1d9729a0_beelinktomgot2.png,games; cinematic
Grand theft Auto Motif,grand-theft-auto-motif,688e0e9d8c03f7dbc7886955,688e0e9d8c03f7dbc788694b,689cd1696bddd7161d5b8c18,false,false,Wed Aug 13 2025 17:54:49 GMT+0000 (Coordinated Universal Time),Thu Aug 14 2025 12:40:00 GMT+0000 (Coordinated Universal Time),Thu Aug 14 2025 12:40:00 GMT+0000 (Coordinated Universal Time),Please support me and buy my products.,https://cdn.prod.website-files.com/688e0e9d8c03f7dbc7886953/689cd13bd412311285f93bae_689bb127ff2d858839a9f6fd_beelinktom2000gta800.png,false,https://cdn.prod.website-files.com/688e0e9d8c03f7dbc7886953/689cd13ad412311285f93ba9_689bb12dc0200a39ae8485cb_beelinktom2000gta.png,games; cinematic; cinematic; cinematic; cinematic; cinematic
Heart of Infinity motif,heart-of-infinity-motif,688e0e9d8c03f7dbc7886955,688e0e9d8c03f7dbc788694b,689cd1683505fc9b396402e7,false,false,Wed Aug 13 2025 17:54:48 GMT+0000 (Coordinated Universal Time),Thu Aug 14 2025 12:36:51 GMT+0000 (Coordinated Universal Time),Thu Aug 14 2025 12:38:58 GMT+0000 (Coordinated Universal Time),Please support me and buy my products.,https://cdn.prod.website-files.com/688e0e9d8c03f7dbc7886953/689cd13b6f70759b5366f260_689bb417c05c9d7d73837e1c_infinitybox2000800.png,false,https://cdn.prod.website-files.com/688e0e9d8c03f7dbc7886953/689cd13b6f70759b5366f25b_689a1eba1540f6764fa25473_infinitybox2000.png,games
Hov1,hov1,688e0e9d8c03f7dbc7886955,688e0e9d8c03f7dbc788694b,689cd169182aa43370f1f69e,false,false,Wed Aug 13 2025 17:54:49 GMT+0000 (Coordinated Universal Time),Thu Aug 14 2025 12:38:05 GMT+0000 (Coordinated Universal Time),Thu Aug 14 2025 12:38:58 GMT+0000 (Coordinated Universal Time),Please support me and buy my products.,https://cdn.prod.website-files.com/688e0e9d8c03f7dbc7886953/689cd13c1126689e175fa1d3_689b9193ce6092769f64896d_beelinktom2000hov1800.png,false,https://cdn.prod.website-files.com/688e0e9d8c03f7dbc7886953/689cd13c1126689e175fa1d0_689b919aa4bf6e0a40f5fe3f_beelinktom2000hov1.png,music; swedish
Legend of Zelda Motif,legend-of-zelda-motif,688e0e9d8c03f7dbc7886955,688e0e9d8c03f7dbc788694b,689cd16903905e6fde64a4e7,false,false,Wed Aug 13 2025 17:54:49 GMT+0000 (Coordinated Universal Time),Fri Aug 15 2025 17:37:37 GMT+0000 (Coordinated Universal Time),Fri Aug 15 2025 17:37:50 GMT+0000 (Coordinated Universal Time),Please support me and buy my products.,https://cdn.prod.website-files.com/688e0e9d8c03f7dbc7886953/689cd13c8043e70ce36de169_689bb65630c609fda4b9fb5f_beelinktom2000crest800.png,false,https://cdn.prod.website-files.com/688e0e9d8c03f7dbc7886953/689cd13c8043e70ce36de16e_689bb65e7d977d78ff6d9c4e_beelinktom2000crest.png,games
Little jinder,little-jinder,688e0e9d8c03f7dbc7886955,688e0e9d8c03f7dbc788694b,689cd169d0d667947f0a7018,false,false,Wed Aug 13 2025 17:54:49 GMT+0000 (Coordinated Universal Time),Thu Aug 14 2025 12:38:21 GMT+0000 (Coordinated Universal Time),Thu Aug 14 2025 12:38:58 GMT+0000 (Coordinated Universal Time),Please support me and buy my products.,https://cdn.prod.website-files.com/688e0e9d8c03f7dbc7886953/689cd13cbc90040fc086e5f3_689b8f4d278d9181845597bc_beelinktom2000ljin800.png,false,https://cdn.prod.website-files.com/688e0e9d8c03f7dbc7886953/689cd13cbc90040fc086e5ef_689b8f41f0cc83377b6bc73a_beelinktom2000ljind.png,music; swedish
Metroid motif,metroid-motif,688e0e9d8c03f7dbc7886955,688e0e9d8c03f7dbc788694b,689cd16a5ef29fa7d4f7460d,false,false,Wed Aug 13 2025 17:54:50 GMT+0000 (Coordinated Universal Time),Thu Aug 14 2025 12:34:46 GMT+0000 (Coordinated Universal Time),Thu Aug 14 2025 12:38:58 GMT+0000 (Coordinated Universal Time),Please support me and buy my products.,https://cdn.prod.website-files.com/688e0e9d8c03f7dbc7886953/689cd13c2a777ccc6d42d0e2_689bb338d2cbf9e2ece4096c_beelinktom2000met800.png,false,https://cdn.prod.website-files.com/688e0e9d8c03f7dbc7886953/689cd13c2a777ccc6d42d0dd_6898e1926b0c6d800acd7c04_687e775396996b4826cf0142_beelinkmetroid.png,games
Nintendo Switch Metroid,nintendo-switch-metroid,688e0e9d8c03f7dbc7886955,688e0e9d8c03f7dbc788694b,689cd16a83d8b91772186d17,false,false,Wed Aug 13 2025 17:54:50 GMT+0000 (Coordinated Universal Time),Thu Aug 14 2025 12:34:08 GMT+0000 (Coordinated Universal Time),Thu Aug 14 2025 12:38:58 GMT+0000 (Coordinated Universal Time),Please support me and buy my products.,https://cdn.prod.website-files.com/688e0e9d8c03f7dbc7886953/689cd13dca0072c8402f97d4_689bb0303ac2633ab35ab4a3_beelinktom2000chozo800.png,false,https://cdn.prod.website-files.com/688e0e9d8c03f7dbc7886953/689cd13dca0072c8402f97d9_689bb03805bbcf102b9948a2_beelinktom2000chozo.png,games
Ori Motif,ori-motif,688e0e9d8c03f7dbc7886955,688e0e9d8c03f7dbc788694b,689cd16bf67cccf0cb5c76e4,true,false,Wed Aug 13 2025 17:54:51 GMT+0000 (Coordinated Universal Time),Mon Sep 22 2025 14:01:11 GMT+0000 (Coordinated Universal Time),,Please support me and buy my products.,https://cdn.prod.website-files.com/688e0e9d8c03f7dbc7886953/689cd13d41262735ebd74de7_689bb3aba0cd2fb1bbb692b3_beelinktom2000ori800.png,false,https://cdn.prod.website-files.com/688e0e9d8c03f7dbc7886953/689cd13c41262735ebd74dde_689a1e138ed62bb3452072e2_beelinktom2000ori.png,games
Path of Exile Motif,path-of-exile-motif,688e0e9d8c03f7dbc7886955,688e0e9d8c03f7dbc788694b,689cd16a094fa7535a131ba1,false,false,Wed Aug 13 2025 17:54:50 GMT+0000 (Coordinated Universal Time),Thu Aug 14 2025 12:34:22 GMT+0000 (Coordinated Universal Time),Thu Aug 14 2025 12:38:58 GMT+0000 (Coordinated Universal Time),Please support me and buy my products.,https://cdn.prod.website-files.com/688e0e9d8c03f7dbc7886953/689cd13dd412311285f93c31_689bb4cbcbda08948454d552_beelinktom2000poe2800.png,false,https://cdn.prod.website-files.com/688e0e9d8c03f7dbc7886953/689cd13dd412311285f93c3a_689a20e856c1df5241603821_beelinktom2000poe2.png,games
Poddtoppen Motif,poddtoppen-motif,688e0e9d8c03f7dbc7886955,688e0e9d8c03f7dbc788694b,689cd16aad77108480cf5197,false,false,Wed Aug 13 2025 17:54:50 GMT+0000 (Coordinated Universal Time),Thu Aug 14 2025 12:37:46 GMT+0000 (Coordinated Universal Time),Thu Aug 14 2025 12:38:58 GMT+0000 (Coordinated Universal Time),Please support me and buy my products.,https://cdn.prod.website-files.com/688e0e9d8c03f7dbc7886953/689cd13c7e2a3ac926b5e83b_689bb59ab744dfd72c208b4b_beelinktom2000pod800.png,false,https://cdn.prod.website-files.com/688e0e9d8c03f7dbc7886953/689cd13d7e2a3ac926b5e83f_689bb59f569b9d257e80412f_beelinktom2000pod.png,misc; swedish
Queens of the Stoneage,queens-of-the-stoneage,688e0e9d8c03f7dbc7886955,688e0e9d8c03f7dbc788694b,689cd16a97733dc04d2b2846,false,false,Wed Aug 13 2025 17:54:50 GMT+0000 (Coordinated Universal Time),Thu Aug 14 2025 12:34:29 GMT+0000 (Coordinated Universal Time),Thu Aug 14 2025 12:38:58 GMT+0000 (Coordinated Universal Time),Please support me and buy my products.,https://cdn.prod.website-files.com/688e0e9d8c03f7dbc7886953/689cd13da8d8a291766814a4_689bb00b448f8f05458e0a71_beelinktom2000clock800.png,false,https://cdn.prod.website-files.com/688e0e9d8c03f7dbc7886953/689cd13ca8d8a2917668149f_689bb01683a31cd34e8d286f_beelinktom2000clock.png,music
Queens of the Stoneage Logo,queens-of-the-stoneage-logo,688e0e9d8c03f7dbc7886955,688e0e9d8c03f7dbc788694b,689cd16b709b7635252fb5b2,false,false,Wed Aug 13 2025 17:54:51 GMT+0000 (Coordinated Universal Time),Thu Aug 14 2025 12:33:49 GMT+0000 (Coordinated Universal Time),Thu Aug 14 2025 12:38:58 GMT+0000 (Coordinated Universal Time),Please support me and buy my products.,https://cdn.prod.website-files.com/688e0e9d8c03f7dbc7886953/689cd13d6b741ccb878fe5ec_689bafe773df3c8c4af4c1c3_beelinktom2000qlog800.png,false,https://cdn.prod.website-files.com/688e0e9d8c03f7dbc7886953/689cd13d6b741ccb878fe5f1_689baff9dfacef0f526982ce_beelinktom2000qlog.png,music
Stray motif,stray-motif,688e0e9d8c03f7dbc7886955,688e0e9d8c03f7dbc788694b,689cd1723da9fa59c4737939,false,false,Wed Aug 13 2025 17:54:58 GMT+0000 (Coordinated Universal Time),Fri Aug 15 2025 17:37:12 GMT+0000 (Coordinated Universal Time),Fri Aug 15 2025 17:37:50 GMT+0000 (Coordinated Universal Time),Please support me and buy my products.,https://cdn.prod.website-files.com/688e0e9d8c03f7dbc7886953/689cd13d1d5e8983ed742f3f_689bb28279cc3dd5a863b3ab_beelinktom2000stray800.png,false,https://cdn.prod.website-files.com/688e0e9d8c03f7dbc7886953/689cd13e1d5e8983ed742f43_689bb287f24a8749557fce5b_beelinktom2000stray.png,games
Switch 2 Pro Controller 2 Faceplate: Legend of Zelda,switch-2-pro-controller-2-faceplate-legend-of-zelda,688e0e9d8c03f7dbc7886955,688e0e9d8c03f7dbc788694b,68cb068dfa1f6d5c845f4f46,true,false,Wed Sep 17 2025 19:05:49 GMT+0000 (Coordinated Universal Time),Mon Sep 22 2025 13:59:40 GMT+0000 (Coordinated Universal Time),,Please support me and buy my products.,https://cdn.prod.website-files.com/688e0e9d8c03f7dbc7886953/68cb067ca886d5c1a4c67246_pro2zelda.png,false,https://cdn.prod.website-files.com/688e0e9d8c03f7dbc7886953/68cb067ca886d5c1a4c67246_pro2zelda.png,game-controllers
Switch 2 Pro Controller 2 Faceplate: Metroid,switch-2-pro-controller-2-faceplate-metroid,688e0e9d8c03f7dbc7886955,688e0e9d8c03f7dbc788694b,68cb059cc76256ecc741cf1a,true,false,Wed Sep 17 2025 19:01:48 GMT+0000 (Coordinated Universal Time),Mon Sep 22 2025 13:59:51 GMT+0000 (Coordinated Universal Time),,Please support me and buy my products.,https://cdn.prod.website-files.com/688e0e9d8c03f7dbc7886953/68cb05740e16dcd2da676751_pro2chozo.png,false,https://cdn.prod.website-files.com/688e0e9d8c03f7dbc7886953/68cb05740e16dcd2da676751_pro2chozo.png,game-controllers
The Long Dark 2 Motif,the-long-dark-2-motif,688e0e9d8c03f7dbc7886955,688e0e9d8c03f7dbc788694b,689cd16b5b12aa596648b1f9,false,false,Wed Aug 13 2025 17:54:51 GMT+0000 (Coordinated Universal Time),Thu Aug 14 2025 12:33:32 GMT+0000 (Coordinated Universal Time),Thu Aug 14 2025 12:38:58 GMT+0000 (Coordinated Universal Time),Please support me and buy my products.,https://cdn.prod.website-files.com/688e0e9d8c03f7dbc7886953/689cd13e480a25140a2a0804_689bb0ae66aa8543a2d304e0_beelinktom2000frost800.png,false,https://cdn.prod.website-files.com/688e0e9d8c03f7dbc7886953/689cd13e480a25140a2a0807_689bb0b305bbcf102b996dfa_beelinktom2000frost.png,games
The Long Dark Motif,the-long-dark-motif,688e0e9d8c03f7dbc7886955,688e0e9d8c03f7dbc788694b,689cd16b57d2a5ec85e10833,false,false,Wed Aug 13 2025 17:54:51 GMT+0000 (Coordinated Universal Time),Thu Aug 14 2025 12:33:39 GMT+0000 (Coordinated Universal Time),Thu Aug 14 2025 12:38:58 GMT+0000 (Coordinated Universal Time),Please support me and buy my products.,https://cdn.prod.website-files.com/688e0e9d8c03f7dbc7886953/689cd13f7cba6516bd0b2149_689bb09a2970abd614d5562d_beelinktom2000woodaxe800.png,false,https://cdn.prod.website-files.com/688e0e9d8c03f7dbc7886953/689cd13f7cba6516bd0b213f_689a26b7f8a1b09708ca0712_beelinktom2000woodaxe.png,games
World of Warcraft Motif,world-of-warcraft-motif,688e0e9d8c03f7dbc7886955,688e0e9d8c03f7dbc788694b,689cd16b844211ab98faf49a,false,false,Wed Aug 13 2025 17:54:51 GMT+0000 (Coordinated Universal Time),Thu Aug 14 2025 12:33:24 GMT+0000 (Coordinated Universal Time),Thu Aug 14 2025 12:38:58 GMT+0000 (Coordinated Universal Time),Please support me and buy my products.,https://cdn.prod.website-files.com/688e0e9d8c03f7dbc7886953/689cd13e12567ad14d535e34_689bb514512a88a8aa5baece_beelinktom2000wow800.png,false,https://cdn.prod.website-files.com/688e0e9d8c03f7dbc7886953/689cd13e12567ad14d535e37_689a1fe0712a975474836144_beelinktom2000wow.png,games
